{
  "All Shops" : {
    "transaction" : "All Shops",
    "sampleCount" : 450,
    "errorCount" : 7,
    "errorPct" : 1.5555556,
    "meanResTime" : 12893.564444444437,
    "medianResTime" : 12879.5,
    "minResTime" : 205.0,
    "maxResTime" : 34316.0,
    "pct1ResTime" : 14580.6,
    "pct2ResTime" : 15233.449999999999,
    "pct3ResTime" : 33307.91,
    "throughput" : 4.648664283795789,
    "receivedKBytesPerSec" : 43.157258986126315,
    "sentKBytesPerSec" : 1.588898925125514
  },
  "Total" : {
    "transaction" : "Total",
    "sampleCount" : 3150,
    "errorCount" : 26,
    "errorPct" : 0.82539684,
    "meanResTime" : 12157.532698412708,
    "medianResTime" : 13067.5,
    "minResTime" : 205.0,
    "maxResTime" : 55349.0,
    "pct1ResTime" : 14714.2,
    "pct2ResTime" : 15508.599999999999,
    "pct3ResTime" : 35503.53999999999,
    "throughput" : 26.720956864741062,
    "receivedKBytesPerSec" : 255.73503175764515,
    "sentKBytesPerSec" : 9.405269833948338
  },
  "Campaigns Page" : {
    "transaction" : "Campaigns Page",
    "sampleCount" : 450,
    "errorCount" : 9,
    "errorPct" : 2.0,
    "meanResTime" : 12285.62222222222,
    "medianResTime" : 13097.5,
    "minResTime" : 205.0,
    "maxResTime" : 16384.0,
    "pct1ResTime" : 15211.300000000001,
    "pct2ResTime" : 15558.75,
    "pct3ResTime" : 15942.03,
    "throughput" : 4.97232074783704,
    "receivedKBytesPerSec" : 38.80699954282273,
    "sentKBytesPerSec" : 1.6995236931083633
  },
  "Login Page" : {
    "transaction" : "Login Page",
    "sampleCount" : 450,
    "errorCount" : 7,
    "errorPct" : 1.5555556,
    "meanResTime" : 12871.566666666678,
    "medianResTime" : 13223.5,
    "minResTime" : 205.0,
    "maxResTime" : 16150.0,
    "pct1ResTime" : 14174.1,
    "pct2ResTime" : 14660.85,
    "pct3ResTime" : 15756.11,
    "throughput" : 5.007511266900351,
    "receivedKBytesPerSec" : 39.7457840406443,
    "sentKBytesPerSec" : 1.7213319979969957
  },
  "Home Page" : {
    "transaction" : "Home Page",
    "sampleCount" : 450,
    "errorCount" : 1,
    "errorPct" : 0.22222222,
    "meanResTime" : 9494.377777777772,
    "medianResTime" : 7155.5,
    "minResTime" : 726.0,
    "maxResTime" : 55349.0,
    "pct1ResTime" : 32813.80000000044,
    "pct2ResTime" : 35856.45,
    "pct3ResTime" : 54997.21,
    "throughput" : 6.964650529313441,
    "receivedKBytesPerSec" : 59.53801332859995,
    "sentKBytesPerSec" : 2.319283037593636
  },
  "Smart Phones" : {
    "transaction" : "Smart Phones",
    "sampleCount" : 450,
    "errorCount" : 2,
    "errorPct" : 0.44444445,
    "meanResTime" : 14003.057777777776,
    "medianResTime" : 14033.5,
    "minResTime" : 212.0,
    "maxResTime" : 42487.0,
    "pct1ResTime" : 14614.8,
    "pct2ResTime" : 14887.749999999996,
    "pct3ResTime" : 34075.27,
    "throughput" : 5.223508108045364,
    "receivedKBytesPerSec" : 50.631119484846025,
    "sentKBytesPerSec" : 1.8669960620552764
  },
  "Daily Deals" : {
    "transaction" : "Daily Deals",
    "sampleCount" : 450,
    "errorCount" : 0,
    "errorPct" : 0.0,
    "meanResTime" : 11223.96666666666,
    "medianResTime" : 12852.5,
    "minResTime" : 1043.0,
    "maxResTime" : 16510.0,
    "pct1ResTime" : 15116.7,
    "pct2ResTime" : 15708.1,
    "pct3ResTime" : 16266.32,
    "throughput" : 5.768860970450612,
    "receivedKBytesPerSec" : 70.31774555717583,
    "sentKBytesPerSec" : 1.983045958592398
  },
  "Bijoyer Sookh" : {
    "transaction" : "Bijoyer Sookh",
    "sampleCount" : 450,
    "errorCount" : 0,
    "errorPct" : 0.0,
    "meanResTime" : 12330.573333333326,
    "medianResTime" : 13369.5,
    "minResTime" : 387.0,
    "maxResTime" : 34535.0,
    "pct1ResTime" : 14520.0,
    "pct2ResTime" : 14750.25,
    "pct3ResTime" : 33488.57000000001,
    "throughput" : 5.206886975840044,
    "receivedKBytesPerSec" : 60.07546415419906,
    "sentKBytesPerSec" : 2.094958431685643
  }
}