{
  "All Shops" : {
    "transaction" : "All Shops",
    "sampleCount" : 400,
    "errorCount" : 0,
    "errorPct" : 0.0,
    "meanResTime" : 10917.862500000005,
    "medianResTime" : 11011.0,
    "minResTime" : 1390.0,
    "maxResTime" : 13377.0,
    "pct1ResTime" : 12556.7,
    "pct2ResTime" : 12700.95,
    "pct3ResTime" : 13057.97,
    "throughput" : 4.781314622455444,
    "receivedKBytesPerSec" : 44.56388340614877,
    "sentKBytesPerSec" : 1.6342383963470755
  },
  "Total" : {
    "transaction" : "Total",
    "sampleCount" : 2800,
    "errorCount" : 2,
    "errorPct" : 0.071428575,
    "meanResTime" : 10452.640000000001,
    "medianResTime" : 11329.5,
    "minResTime" : 271.0,
    "maxResTime" : 63167.0,
    "pct1ResTime" : 12789.9,
    "pct2ResTime" : 13014.8,
    "pct3ResTime" : 31770.48999999999,
    "throughput" : 20.526805809086042,
    "receivedKBytesPerSec" : 196.7062566551753,
    "sentKBytesPerSec" : 7.219655321482768
  },
  "Campaigns Page" : {
    "transaction" : "Campaigns Page",
    "sampleCount" : 400,
    "errorCount" : 0,
    "errorPct" : 0.0,
    "meanResTime" : 10306.572499999997,
    "medianResTime" : 10767.0,
    "minResTime" : 4390.0,
    "maxResTime" : 13260.0,
    "pct1ResTime" : 12657.000000000002,
    "pct2ResTime" : 13018.65,
    "pct3ResTime" : 13159.880000000001,
    "throughput" : 4.615846200004616,
    "receivedKBytesPerSec" : 36.19696780375153,
    "sentKBytesPerSec" : 1.5776818066422027
  },
  "Login Page" : {
    "transaction" : "Login Page",
    "sampleCount" : 400,
    "errorCount" : 0,
    "errorPct" : 0.0,
    "meanResTime" : 11623.92749999999,
    "medianResTime" : 11912.0,
    "minResTime" : 1373.0,
    "maxResTime" : 22514.0,
    "pct1ResTime" : 12388.4,
    "pct2ResTime" : 12616.75,
    "pct3ResTime" : 13338.580000000002,
    "throughput" : 4.957120904178853,
    "receivedKBytesPerSec" : 39.485283353678184,
    "sentKBytesPerSec" : 1.7040103108114808
  },
  "Home Page" : {
    "transaction" : "Home Page",
    "sampleCount" : 400,
    "errorCount" : 1,
    "errorPct" : 0.25,
    "meanResTime" : 7946.252500000004,
    "medianResTime" : 5937.5,
    "minResTime" : 879.0,
    "maxResTime" : 63167.0,
    "pct1ResTime" : 9942.2,
    "pct2ResTime" : 32246.05,
    "pct3ResTime" : 33784.380000000005,
    "throughput" : 5.865618676129865,
    "receivedKBytesPerSec" : 50.0788650761064,
    "sentKBytesPerSec" : 1.9484136021864094
  },
  "Smart Phones" : {
    "transaction" : "Smart Phones",
    "sampleCount" : 400,
    "errorCount" : 0,
    "errorPct" : 0.0,
    "meanResTime" : 11377.822499999997,
    "medianResTime" : 12540.5,
    "minResTime" : 271.0,
    "maxResTime" : 13006.0,
    "pct1ResTime" : 12795.9,
    "pct2ResTime" : 12845.95,
    "pct3ResTime" : 12967.710000000001,
    "throughput" : 5.841121495327102,
    "receivedKBytesPerSec" : 56.68373464423919,
    "sentKBytesPerSec" : 2.0877445969626165
  },
  "Daily Deals" : {
    "transaction" : "Daily Deals",
    "sampleCount" : 400,
    "errorCount" : 0,
    "errorPct" : 0.0,
    "meanResTime" : 9188.04750000001,
    "medianResTime" : 10541.5,
    "minResTime" : 1457.0,
    "maxResTime" : 13633.0,
    "pct1ResTime" : 12904.6,
    "pct2ResTime" : 13222.1,
    "pct3ResTime" : 13477.73,
    "throughput" : 5.014416447285947,
    "receivedKBytesPerSec" : 61.14119842594334,
    "sentKBytesPerSec" : 1.7237056537545443
  },
  "Bijoyer Sookh" : {
    "transaction" : "Bijoyer Sookh",
    "sampleCount" : 400,
    "errorCount" : 1,
    "errorPct" : 0.25,
    "meanResTime" : 11807.994999999997,
    "medianResTime" : 12170.0,
    "minResTime" : 367.0,
    "maxResTime" : 63136.0,
    "pct1ResTime" : 12967.300000000001,
    "pct2ResTime" : 21560.75,
    "pct3ResTime" : 42456.570000000145,
    "throughput" : 4.144691168699292,
    "receivedKBytesPerSec" : 47.736723388492265,
    "sentKBytesPerSec" : 1.66342161093784
  }
}