{
  "All Shops" : {
    "transaction" : "All Shops",
    "sampleCount" : 350,
    "errorCount" : 0,
    "errorPct" : 0.0,
    "meanResTime" : 9589.014285714278,
    "medianResTime" : 9538.5,
    "minResTime" : 1254.0,
    "maxResTime" : 12192.0,
    "pct1ResTime" : 11238.6,
    "pct2ResTime" : 11617.6,
    "pct3ResTime" : 11994.59,
    "throughput" : 4.549058344922601,
    "receivedKBytesPerSec" : 42.41122380635959,
    "sentKBytesPerSec" : 1.5548539264872172
  },
  "Total" : {
    "transaction" : "Total",
    "sampleCount" : 2450,
    "errorCount" : 0,
    "errorPct" : 0.0,
    "meanResTime" : 9295.779183673432,
    "medianResTime" : 10003.5,
    "minResTime" : 305.0,
    "maxResTime" : 52939.0,
    "pct1ResTime" : 11611.0,
    "pct2ResTime" : 11937.349999999999,
    "pct3ResTime" : 30688.55999999999,
    "throughput" : 25.63619621630671,
    "receivedKBytesPerSec" : 245.71085223675811,
    "sentKBytesPerSec" : 9.023454667095681
  },
  "Campaigns Page" : {
    "transaction" : "Campaigns Page",
    "sampleCount" : 350,
    "errorCount" : 0,
    "errorPct" : 0.0,
    "meanResTime" : 9410.32285714286,
    "medianResTime" : 10193.5,
    "minResTime" : 3681.0,
    "maxResTime" : 12388.0,
    "pct1ResTime" : 11747.1,
    "pct2ResTime" : 11878.2,
    "pct3ResTime" : 12218.350000000002,
    "throughput" : 4.410282258064517,
    "receivedKBytesPerSec" : 34.56216627551663,
    "sentKBytesPerSec" : 1.5074206936743952
  },
  "Login Page" : {
    "transaction" : "Login Page",
    "sampleCount" : 350,
    "errorCount" : 0,
    "errorPct" : 0.0,
    "meanResTime" : 10433.67142857142,
    "medianResTime" : 10640.5,
    "minResTime" : 941.0,
    "maxResTime" : 21358.0,
    "pct1ResTime" : 11316.0,
    "pct2ResTime" : 11745.6,
    "pct3ResTime" : 21331.96,
    "throughput" : 4.3745625437456255,
    "receivedKBytesPerSec" : 34.84118140920283,
    "sentKBytesPerSec" : 1.5037558744125588
  },
  "Home Page" : {
    "transaction" : "Home Page",
    "sampleCount" : 350,
    "errorCount" : 0,
    "errorPct" : 0.0,
    "meanResTime" : 7404.097142857141,
    "medianResTime" : 4846.5,
    "minResTime" : 656.0,
    "maxResTime" : 52939.0,
    "pct1ResTime" : 27911.100000000697,
    "pct2ResTime" : 31288.9,
    "pct3ResTime" : 42453.260000000184,
    "throughput" : 5.677394238255904,
    "receivedKBytesPerSec" : 48.49793636857643,
    "sentKBytesPerSec" : 1.8906166359817025
  },
  "Smart Phones" : {
    "transaction" : "Smart Phones",
    "sampleCount" : 350,
    "errorCount" : 0,
    "errorPct" : 0.0,
    "meanResTime" : 9885.877142857142,
    "medianResTime" : 10887.0,
    "minResTime" : 305.0,
    "maxResTime" : 11837.0,
    "pct1ResTime" : 11280.4,
    "pct2ResTime" : 11506.35,
    "pct3ResTime" : 11698.74,
    "throughput" : 5.048392447604898,
    "receivedKBytesPerSec" : 49.007720434450235,
    "sentKBytesPerSec" : 1.8044058943587822
  },
  "Daily Deals" : {
    "transaction" : "Daily Deals",
    "sampleCount" : 350,
    "errorCount" : 0,
    "errorPct" : 0.0,
    "meanResTime" : 8378.991428571428,
    "medianResTime" : 9314.5,
    "minResTime" : 1211.0,
    "maxResTime" : 12337.0,
    "pct1ResTime" : 12040.7,
    "pct2ResTime" : 12118.45,
    "pct3ResTime" : 12230.31,
    "throughput" : 4.8470412275478125,
    "receivedKBytesPerSec" : 59.04329143527815,
    "sentKBytesPerSec" : 1.6661704219695606
  },
  "Bijoyer Sookh" : {
    "transaction" : "Bijoyer Sookh",
    "sampleCount" : 350,
    "errorCount" : 0,
    "errorPct" : 0.0,
    "meanResTime" : 9968.480000000003,
    "medianResTime" : 10899.5,
    "minResTime" : 423.0,
    "maxResTime" : 21617.0,
    "pct1ResTime" : 11596.9,
    "pct2ResTime" : 11839.2,
    "pct3ResTime" : 21527.82,
    "throughput" : 5.802291076076325,
    "receivedKBytesPerSec" : 66.93650234267503,
    "sentKBytesPerSec" : 2.334515550140084
  }
}