{
  "All Shops" : {
    "transaction" : "All Shops",
    "sampleCount" : 425,
    "errorCount" : 0,
    "errorPct" : 0.0,
    "meanResTime" : 11228.494117647047,
    "medianResTime" : 11363.0,
    "minResTime" : 229.0,
    "maxResTime" : 14155.0,
    "pct1ResTime" : 12908.0,
    "pct2ResTime" : 13373.9,
    "pct3ResTime" : 13954.92,
    "throughput" : 4.630941225183603,
    "receivedKBytesPerSec" : 43.17197085367315,
    "sentKBytesPerSec" : 1.5828412390764268
  },
  "Total" : {
    "transaction" : "Total",
    "sampleCount" : 2975,
    "errorCount" : 1,
    "errorPct" : 0.033613447,
    "meanResTime" : 10908.872268907568,
    "medianResTime" : 11800.0,
    "minResTime" : 229.0,
    "maxResTime" : 63089.0,
    "pct1ResTime" : 13529.800000000001,
    "pct2ResTime" : 13904.4,
    "pct3ResTime" : 33160.639999999985,
    "throughput" : 24.06821620134782,
    "receivedKBytesPerSec" : 230.69330715240642,
    "sentKBytesPerSec" : 8.468861366063411
  },
  "Campaigns Page" : {
    "transaction" : "Campaigns Page",
    "sampleCount" : 425,
    "errorCount" : 0,
    "errorPct" : 0.0,
    "meanResTime" : 10927.665882352945,
    "medianResTime" : 11511.0,
    "minResTime" : 3991.0,
    "maxResTime" : 21466.0,
    "pct1ResTime" : 13653.2,
    "pct2ResTime" : 13907.2,
    "pct3ResTime" : 14110.9,
    "throughput" : 4.448165785755403,
    "receivedKBytesPerSec" : 34.8608537698205,
    "sentKBytesPerSec" : 1.5203691650531164
  },
  "Login Page" : {
    "transaction" : "Login Page",
    "sampleCount" : 425,
    "errorCount" : 0,
    "errorPct" : 0.0,
    "meanResTime" : 11978.811764705884,
    "medianResTime" : 12221.0,
    "minResTime" : 257.0,
    "maxResTime" : 23968.0,
    "pct1ResTime" : 13114.800000000001,
    "pct2ResTime" : 13538.9,
    "pct3ResTime" : 14129.28,
    "throughput" : 5.017117223468303,
    "receivedKBytesPerSec" : 39.937959287569356,
    "sentKBytesPerSec" : 1.7246340455672295
  },
  "Home Page" : {
    "transaction" : "Home Page",
    "sampleCount" : 425,
    "errorCount" : 1,
    "errorPct" : 0.23529412,
    "meanResTime" : 8681.061176470592,
    "medianResTime" : 6175.0,
    "minResTime" : 513.0,
    "maxResTime" : 63089.0,
    "pct1ResTime" : 31717.000000000004,
    "pct2ResTime" : 33616.4,
    "pct3ResTime" : 54152.12,
    "throughput" : 6.104743026228849,
    "receivedKBytesPerSec" : 52.06159079727944,
    "sentKBytesPerSec" : 2.0281437631072423
  },
  "Smart Phones" : {
    "transaction" : "Smart Phones",
    "sampleCount" : 425,
    "errorCount" : 0,
    "errorPct" : 0.0,
    "meanResTime" : 11715.599999999999,
    "medianResTime" : 12643.0,
    "minResTime" : 298.0,
    "maxResTime" : 25493.0,
    "pct1ResTime" : 13408.800000000001,
    "pct2ResTime" : 13580.7,
    "pct3ResTime" : 13725.720000000001,
    "throughput" : 5.873248390038971,
    "receivedKBytesPerSec" : 57.01468020594373,
    "sentKBytesPerSec" : 2.0992274519084604
  },
  "Daily Deals" : {
    "transaction" : "Daily Deals",
    "sampleCount" : 425,
    "errorCount" : 0,
    "errorPct" : 0.0,
    "meanResTime" : 9739.141176470586,
    "medianResTime" : 10955.0,
    "minResTime" : 1194.0,
    "maxResTime" : 14455.0,
    "pct1ResTime" : 13814.800000000001,
    "pct2ResTime" : 14042.7,
    "pct3ResTime" : 14295.820000000002,
    "throughput" : 5.173400202066926,
    "receivedKBytesPerSec" : 63.10613896209419,
    "sentKBytesPerSec" : 1.7783563194605057
  },
  "Bijoyer Sookh" : {
    "transaction" : "Bijoyer Sookh",
    "sampleCount" : 425,
    "errorCount" : 0,
    "errorPct" : 0.0,
    "meanResTime" : 12091.331764705894,
    "medianResTime" : 12468.0,
    "minResTime" : 380.0,
    "maxResTime" : 42634.0,
    "pct1ResTime" : 13709.6,
    "pct2ResTime" : 21550.7,
    "pct3ResTime" : 39169.56000000012,
    "throughput" : 5.073718140034621,
    "receivedKBytesPerSec" : 58.55626837357488,
    "sentKBytesPerSec" : 2.0413787829045544
  }
}