{
  "All Shops" : {
    "transaction" : "All Shops",
    "sampleCount" : 300,
    "errorCount" : 0,
    "errorPct" : 0.0,
    "meanResTime" : 7318.343333333337,
    "medianResTime" : 7433.0,
    "minResTime" : 847.0,
    "maxResTime" : 9063.0,
    "pct1ResTime" : 8459.7,
    "pct2ResTime" : 8703.7,
    "pct3ResTime" : 8994.880000000001,
    "throughput" : 4.8218332610058345,
    "receivedKBytesPerSec" : 44.969873587604674,
    "sentKBytesPerSec" : 1.6480875403828537
  },
  "Total" : {
    "transaction" : "Total",
    "sampleCount" : 2100,
    "errorCount" : 0,
    "errorPct" : 0.0,
    "meanResTime" : 7126.170476190481,
    "medianResTime" : 7607.0,
    "minResTime" : 373.0,
    "maxResTime" : 51123.0,
    "pct1ResTime" : 8828.0,
    "pct2ResTime" : 9001.849999999999,
    "pct3ResTime" : 27967.869999999995,
    "throughput" : 23.63693665300977,
    "receivedKBytesPerSec" : 226.67695843627595,
    "sentKBytesPerSec" : 8.319753233195264
  },
  "Campaigns Page" : {
    "transaction" : "Campaigns Page",
    "sampleCount" : 300,
    "errorCount" : 0,
    "errorPct" : 0.0,
    "meanResTime" : 6840.600000000002,
    "medianResTime" : 7473.0,
    "minResTime" : 2505.0,
    "maxResTime" : 8806.0,
    "pct1ResTime" : 8497.900000000001,
    "pct2ResTime" : 8672.65,
    "pct3ResTime" : 8771.99,
    "throughput" : 4.694982628564275,
    "receivedKBytesPerSec" : 36.82535300400638,
    "sentKBytesPerSec" : 1.6047303906225545
  },
  "Login Page" : {
    "transaction" : "Login Page",
    "sampleCount" : 300,
    "errorCount" : 0,
    "errorPct" : 0.0,
    "meanResTime" : 7724.893333333331,
    "medianResTime" : 8093.0,
    "minResTime" : 747.0,
    "maxResTime" : 8807.0,
    "pct1ResTime" : 8699.9,
    "pct2ResTime" : 8745.0,
    "pct3ResTime" : 8802.94,
    "throughput" : 5.0790640977889145,
    "receivedKBytesPerSec" : 40.46987361066434,
    "sentKBytesPerSec" : 1.7459282836149392
  },
  "Home Page" : {
    "transaction" : "Home Page",
    "sampleCount" : 300,
    "errorCount" : 0,
    "errorPct" : 0.0,
    "meanResTime" : 6620.673333333335,
    "medianResTime" : 3889.0,
    "minResTime" : 672.0,
    "maxResTime" : 51123.0,
    "pct1ResTime" : 27715.2,
    "pct2ResTime" : 28213.95,
    "pct3ResTime" : 28969.31,
    "throughput" : 5.421327502394419,
    "receivedKBytesPerSec" : 46.365868169127346,
    "sentKBytesPerSec" : 1.8053444124184541
  },
  "Smart Phones" : {
    "transaction" : "Smart Phones",
    "sampleCount" : 300,
    "errorCount" : 0,
    "errorPct" : 0.0,
    "meanResTime" : 7883.750000000001,
    "medianResTime" : 8641.5,
    "minResTime" : 373.0,
    "maxResTime" : 21486.0,
    "pct1ResTime" : 8983.9,
    "pct2ResTime" : 9061.75,
    "pct3ResTime" : 21308.18000000011,
    "throughput" : 4.256285114352194,
    "receivedKBytesPerSec" : 41.32324966925118,
    "sentKBytesPerSec" : 1.5212894061063504
  },
  "Daily Deals" : {
    "transaction" : "Daily Deals",
    "sampleCount" : 300,
    "errorCount" : 0,
    "errorPct" : 0.0,
    "meanResTime" : 6205.153333333332,
    "medianResTime" : 7470.5,
    "minResTime" : 869.0,
    "maxResTime" : 9087.0,
    "pct1ResTime" : 8632.900000000001,
    "pct2ResTime" : 8743.4,
    "pct3ResTime" : 8998.89,
    "throughput" : 4.880747079686331,
    "receivedKBytesPerSec" : 59.49549662109947,
    "sentKBytesPerSec" : 1.6777568086421761
  },
  "Bijoyer Sookh" : {
    "transaction" : "Bijoyer Sookh",
    "sampleCount" : 300,
    "errorCount" : 0,
    "errorPct" : 0.0,
    "meanResTime" : 7289.779999999996,
    "medianResTime" : 8236.0,
    "minResTime" : 444.0,
    "maxResTime" : 9371.0,
    "pct1ResTime" : 9046.9,
    "pct2ResTime" : 9130.0,
    "pct3ResTime" : 9208.0,
    "throughput" : 4.819277108433735,
    "receivedKBytesPerSec" : 55.617846385542165,
    "sentKBytesPerSec" : 1.9390060240963856
  }
}